STATE,STATENAME,ST_CASE,PEDS,PERNOTMVIT,VE_TOTAL,VE_FORMS,PVH_INVL,PERSONS,PERMVIT,COUNTY,COUNTYNAME,CITY,CITYNAME,MONTH,MONTHNAME,DAY,DAYNAME,DAY_WEEK,DAY_WEEKNAME,YEAR,HOUR,HOURNAME,MINUTE,MINUTENAME,TWAY_ID,TWAY_ID2,ROUTE,ROUTENAME,RUR_URB,RUR_URBNAME,FUNC_SYS,FUNC_SYSNAME,RD_OWNER,RD_OWNERNAME,NHS,NHSNAME,SP_JUR,SP_JURNAME,MILEPT,MILEPTNAME,LATITUDE,LATITUDENAME,LONGITUD,LONGITUDNAME,HARM_EV,HARM_EVNAME,MAN_COLL,MAN_COLLNAME,RELJCT1,RELJCT1NAME,RELJCT2,RELJCT2NAME,TYP_INT,TYP_INTNAME,REL_ROAD,REL_ROADNAME,WRK_ZONE,WRK_ZONENAME,LGT_COND,LGT_CONDNAME,WEATHER,WEATHERNAME,SCH_BUS,SCH_BUSNAME,RAIL,RAILNAME,NOT_HOUR,NOT_HOURNAME,NOT_MIN,NOT_MINNAME,ARR_HOUR,ARR_HOURNAME,ARR_MIN,ARR_MINNAME,HOSP_HR,HOSP_HRNAME,HOSP_MN,HOSP_MNNAME,FATALS
56,Wyoming,560089,0,0,1,1,0,2,2,1,ALBANY (1),0,NOT APPLICABLE,10,October,13,13,5,Thursday,2022,19,7:00pm-7:59pm,0,0,US-287,NA,2,US Highway,1,Rural,3,Principal Arterial - Other,1,State Highway Agency,1,This section IS ON the NHS,0,No Special Jurisdiction,4245,4245,41.00870556,41.00870556,-105.41988889,-105.41988889,31,"Post, Pole or Other Supports",0,The First Harmful Event was Not a Collision with a Motor Vehicle in Transport,0,No,1,Non-Junction,1,Not an Intersection,4,On Roadside,0,None,2,Dark - Not Lighted,1,Clear,0,No,0000000,Not Applicable,19,7:00pm-7:59pm,1,1,19,7:00pm-7:59pm,20,20,88,Not Applicable (Not Transported),88,Not Applicable (Not Transported),2
56,Wyoming,560090,0,0,1,1,0,1,1,9,CONVERSE (9),0,NOT APPLICABLE,10,October,15,15,7,Saturday,2022,16,4:00pm-4:59pm,33,33,SR-95,NA,3,State Highway,1,Rural,5,Major Collector,1,State Highway Agency,0,This section IS NOT on the NHS,0,No Special Jurisdiction,55,55,42.9015,42.9015,-105.83388611,-105.83388611,31,"Post, Pole or Other Supports",0,The First Harmful Event was Not a Collision with a Motor Vehicle in Transport,0,No,1,Non-Junction,1,Not an Intersection,4,On Roadside,0,None,1,Daylight,1,Clear,0,No,0000000,Not Applicable,16,4:00pm-4:59pm,33,33,16,4:00pm-4:59pm,39,39,88,Not Applicable (Not Transported),88,Not Applicable (Not Transported),1
56,Wyoming,560091,0,0,2,2,0,2,2,1,ALBANY (1),0,NOT APPLICABLE,10,October,20,20,5,Thursday,2022,11,11:00am-11:59am,20,20,US-30,NA,2,US Highway,1,Rural,4,Minor Arterial,1,State Highway Agency,0,This section IS NOT on the NHS,0,No Special Jurisdiction,3221,3221,41.40161944,41.40161944,-105.59644722,-105.59644722,12,Motor Vehicle In-Transport,1,Front-to-Rear,0,No,1,Non-Junction,1,Not an Intersection,1,On Roadway,0,None,1,Daylight,1,Clear,0,No,0000000,Not Applicable,11,11:00am-11:59am,23,23,11,11:00am-11:59am,31,31,12,12:00pm-12:59pm,4,4,1
56,Wyoming,560092,0,0,1,1,0,2,2,31,PLATTE (31),0,NOT APPLICABLE,10,October,22,22,7,Saturday,2022,0,0:00am-0:59am,16,16,OLD US-87/SWANSON RD US-87 BUS,NA,5,Local Street - Township,1,Rural,4,Minor Arterial,1,State Highway Agency,0,This section IS NOT on the NHS,0,No Special Jurisdiction,815,815,42.07395556,42.07395556,-104.96081111,-104.96081111,18,Other Object (not fixed),0,The First Harmful Event was Not a Collision with a Motor Vehicle in Transport,0,No,1,Non-Junction,1,Not an Intersection,2,On Shoulder,4,"Work Zone, Type Unknown",2,Dark - Not Lighted,1,Clear,0,No,0000000,Not Applicable,0,0:00am-0:59am,34,34,0,0:00am-0:59am,40,40,99,Unknown,99,Unknown EMS Hospital Arrival Time,1
56,Wyoming,560093,0,0,1,1,0,2,2,29,PARK (29),0,NOT APPLICABLE,10,October,24,24,2,Monday,2022,11,11:00am-11:59am,40,40,US-14A/WY-114,NA,2,US Highway,1,Rural,3,Principal Arterial - Other,1,State Highway Agency,1,This section IS ON the NHS,0,No Special Jurisdiction,89,89,44.61143333,44.61143333,-108.96086111,-108.96086111,31,"Post, Pole or Other Supports",0,The First Harmful Event was Not a Collision with a Motor Vehicle in Transport,0,No,1,Non-Junction,1,Not an Intersection,4,On Roadside,0,None,1,Daylight,1,Clear,0,No,0000000,Not Applicable,11,11:00am-11:59am,42,42,11,11:00am-11:59am,51,51,12,12:00pm-12:59pm,17,17,1
56,Wyoming,560094,0,0,1,1,0,1,1,25,NATRONA (25),0,NOT APPLICABLE,10,October,29,29,7,Saturday,2022,22,10:00pm-10:59pm,5,5,SR-220,NA,3,State Highway,1,Rural,3,Principal Arterial - Other,1,State Highway Agency,1,This section IS ON the NHS,0,No Special Jurisdiction,825,825,42.55313889,42.55313889,-106.79919722,-106.79919722,1,Rollover/Overturn,0,The First Harmful Event was Not a Collision with a Motor Vehicle in Transport,0,No,1,Non-Junction,1,Not an Intersection,4,On Roadside,0,None,2,Dark - Not Lighted,1,Clear,0,No,0000000,Not Applicable,88,Not Applicable (Not Notified),88,Not Applicable (Not Notified),88,Not Applicable,88,Not Applicable,88,Not Applicable (Not Transported),88,Not Applicable (Not Transported),1
56,Wyoming,560095,0,0,2,2,0,2,2,25,NATRONA (25),0,NOT APPLICABLE,10,October,31,31,2,Monday,2022,16,4:00pm-4:59pm,0,0,SR-220,NA,3,State Highway,1,Rural,3,Principal Arterial - Other,1,State Highway Agency,1,This section IS ON the NHS,0,No Special Jurisdiction,981,981,42.68514444,42.68514444,-106.58051667,-106.58051667,12,Motor Vehicle In-Transport,2,Front-to-Front,0,No,1,Non-Junction,1,Not an Intersection,1,On Roadway,0,None,1,Daylight,1,Clear,0,No,0000000,Not Applicable,16,4:00pm-4:59pm,0,0,16,4:00pm-4:59pm,17,17,88,Not Applicable (Not Transported),88,Not Applicable (Not Transported),1
56,Wyoming,560096,0,0,2,2,0,2,2,11,CROOK (11),0,NOT APPLICABLE,11,November,3,3,5,Thursday,2022,6,6:00am-6:59am,0,0,US-212,NA,2,US Highway,1,Rural,3,Principal Arterial - Other,1,State Highway Agency,1,This section IS ON the NHS,0,No Special Jurisdiction,9,9,44.82080556,44.82080556,-104.07116667,-104.07116667,12,Motor Vehicle In-Transport,8,Sideswipe - Opposite Direction,0,No,1,Non-Junction,1,Not an Intersection,1,On Roadway,0,None,2,Dark - Not Lighted,10,Cloudy,0,No,0000000,Not Applicable,6,6:00am-6:59am,9,9,6,6:00am-6:59am,26,26,88,Not Applicable (Not Transported),88,Not Applicable (Not Transported),1
56,Wyoming,560097,0,0,2,2,0,3,3,39,TETON (39),0,NOT APPLICABLE,11,November,8,8,3,Tuesday,2022,11,11:00am-11:59am,10,10,US-26/US-89/US-191,NA,2,US Highway,1,Rural,3,Principal Arterial - Other,66,National Park Service,1,This section IS ON the NHS,1,National Park Service,1721,1721,43.71696111,43.71696111,-110.66013889,-110.66013889,12,Motor Vehicle In-Transport,1,Front-to-Rear,0,No,8,Driveway Access Related,1,Not an Intersection,1,On Roadway,0,None,1,Daylight,4,Snow,0,No,0000000,Not Applicable,11,11:00am-11:59am,9,9,11,11:00am-11:59am,37,37,12,12:00pm-12:59pm,12,12,1
56,Wyoming,560098,0,0,2,2,0,2,2,5,CAMPBELL (5),0,NOT APPLICABLE,11,November,9,9,4,Wednesday,2022,19,7:00pm-7:59pm,30,30,SR-59,NA,3,State Highway,1,Rural,4,Minor Arterial,1,State Highway Agency,0,This section IS NOT on the NHS,0,No Special Jurisdiction,1384,1384,44.56545556,44.56545556,-105.35763056,-105.35763056,12,Motor Vehicle In-Transport,2,Front-to-Front,0,No,1,Non-Junction,1,Not an Intersection,1,On Roadway,0,None,2,Dark - Not Lighted,4,Snow,0,No,0000000,Not Applicable,19,7:00pm-7:59pm,41,41,20,8:00pm-8:59pm,3,3,99,Unknown,99,Unknown EMS Hospital Arrival Time,1
56,Wyoming,560099,0,0,1,1,0,1,1,37,SWEETWATER (37),0,NOT APPLICABLE,11,November,10,10,5,Thursday,2022,9,9:00am-9:59am,55,55,I-80/US-30/WY-789,NA,1,Interstate,1,Rural,1,Interstate,1,State Highway Agency,1,This section IS ON the NHS,0,No Special Jurisdiction,1897,1897,41.73895,41.73895,-107.68130556,-107.68130556,1,Rollover/Overturn,0,The First Harmful Event was Not a Collision with a Motor Vehicle in Transport,0,No,1,Non-Junction,1,Not an Intersection,3,On Median,0,None,1,Daylight,4,Snow,0,No,0000000,Not Applicable,9,9:00am-9:59am,55,55,10,10:00am-10:59am,14,14,88,Not Applicable (Not Transported),88,Not Applicable (Not Transported),1
56,Wyoming,560100,0,0,2,2,0,3,3,37,SWEETWATER (37),0,NOT APPLICABLE,11,November,10,10,5,Thursday,2022,22,10:00pm-10:59pm,43,43,I-80/US-30/WY-789,NA,1,Interstate,1,Rural,1,Interstate,1,State Highway Agency,1,This section IS ON the NHS,0,No Special Jurisdiction,1981,1981,41.76054722,41.76054722,-107.52121111,-107.52121111,12,Motor Vehicle In-Transport,1,Front-to-Rear,0,No,1,Non-Junction,1,Not an Intersection,1,On Roadway,0,None,2,Dark - Not Lighted,1,Clear,0,No,0000000,Not Applicable,22,10:00pm-10:59pm,48,48,23,11:00pm-11:59pm,2,2,88,Not Applicable (Not Transported),88,Not Applicable (Not Transported),1
56,Wyoming,560101,0,0,2,2,0,2,2,21,LARAMIE (21),0,NOT APPLICABLE,11,November,15,15,3,Tuesday,2022,16,4:00pm-4:59pm,19,19,I-80/US-30,NA,1,Interstate,1,Rural,1,Interstate,1,State Highway Agency,1,This section IS ON the NHS,0,No Special Jurisdiction,3756,3756,41.158,41.158,-104.55581389,-104.55581389,12,Motor Vehicle In-Transport,6,Angle,0,No,1,Non-Junction,1,Not an Intersection,1,On Roadway,0,None,5,Dusk,1,Clear,0,No,0000000,Not Applicable,99,Unknown,99,Unknown,99,Unknown EMS Scene Arrival Hour,99,Unknown EMS Scene Arrival Minutes,88,Not Applicable (Not Transported),88,Not Applicable (Not Transported),1
56,Wyoming,560102,0,0,1,1,0,1,1,29,PARK (29),0,NOT APPLICABLE,11,November,18,18,6,Friday,2022,9,9:00am-9:59am,30,30,SR-120,NA,3,State Highway,1,Rural,3,Principal Arterial - Other,1,State Highway Agency,1,This section IS ON the NHS,0,No Special Jurisdiction,660,660,44.31442778,44.31442778,-108.93965556,-108.93965556,38,Fence,0,The First Harmful Event was Not a Collision with a Motor Vehicle in Transport,0,No,1,Non-Junction,1,Not an Intersection,4,On Roadside,0,None,1,Daylight,1,Clear,0,No,0000000,Not Applicable,13,1:00pm-1:59pm,14,14,13,1:00pm-1:59pm,31,31,88,Not Applicable (Not Transported),88,Not Applicable (Not Transported),1
56,Wyoming,560103,0,0,2,2,0,3,3,29,PARK (29),130,CODY,11,November,19,19,7,Saturday,2022,9,9:00am-9:59am,40,40,STAMPEDE AVE,HEART MOUNTAIN ST,5,Local Street - Township,2,Urban,4,Minor Arterial,4,City or Municipal Highway Agency,0,This section IS NOT on the NHS,0,No Special Jurisdiction,1020,1020,44.51881944,44.51881944,-109.06182778,-109.06182778,12,Motor Vehicle In-Transport,1,Front-to-Rear,0,No,3,Intersection-Related,2,Four-Way Intersection,1,On Roadway,0,None,1,Daylight,1,Clear,0,No,0000000,Not Applicable,9,9:00am-9:59am,42,42,9,9:00am-9:59am,45,45,10,10:00am-10:59am,11,11,1
56,Wyoming,560104,0,0,1,1,0,2,2,5,CAMPBELL (5),0,NOT APPLICABLE,11,November,21,21,2,Monday,2022,10,10:00am-10:59am,50,50,SR-59,NA,3,State Highway,1,Rural,3,Principal Arterial - Other,1,State Highway Agency,1,This section IS ON the NHS,0,No Special Jurisdiction,787,787,43.813525,43.813525,-105.46851111,-105.46851111,1,Rollover/Overturn,0,The First Harmful Event was Not a Collision with a Motor Vehicle in Transport,0,No,1,Non-Junction,1,Not an Intersection,4,On Roadside,0,None,1,Daylight,1,Clear,0,No,0000000,Not Applicable,11,11:00am-11:59am,1,1,11,11:00am-11:59am,9,9,12,12:00pm-12:59pm,16,16,1
56,Wyoming,560105,0,0,4,4,0,14,14,9,CONVERSE (9),0,NOT APPLICABLE,11,November,28,28,2,Monday,2022,16,4:00pm-4:59pm,30,30,I-25/US-20/US-26/US-87,NA,1,Interstate,1,Rural,1,Interstate,1,State Highway Agency,1,This section IS ON the NHS,0,No Special Jurisdiction,1474,1474,42.78906389,42.78906389,-105.54215833,-105.54215833,12,Motor Vehicle In-Transport,1,Front-to-Rear,0,No,1,Non-Junction,1,Not an Intersection,1,On Roadway,0,None,5,Dusk,4,Snow,0,No,0000000,Not Applicable,16,4:00pm-4:59pm,32,32,16,4:00pm-4:59pm,40,40,18,6:00pm-6:59pm,21,21,1
56,Wyoming,560106,1,1,1,1,0,1,1,37,SWEETWATER (37),730,ROCK SPRINGS,8,August,29,29,2,Monday,2022,11,11:00am-11:59am,27,27,H ST,JUNIPER DR,5,Local Street - Township,2,Urban,7,Local,4,City or Municipal Highway Agency,0,This section IS NOT on the NHS,0,No Special Jurisdiction,1005,1005,41.58953611,41.58953611,-109.212325,-109.212325,9,Pedalcyclist,0,The First Harmful Event was Not a Collision with a Motor Vehicle in Transport,0,No,2,Intersection,3,T-Intersection,1,On Roadway,0,None,1,Daylight,1,Clear,0,No,0000000,Not Applicable,99,Unknown,99,Unknown,99,Unknown EMS Scene Arrival Hour,99,Unknown EMS Scene Arrival Minutes,88,Not Applicable (Not Transported),88,Not Applicable (Not Transported),1
56,Wyoming,560107,0,0,1,1,0,1,1,37,SWEETWATER (37),350,GREEN RIVER,11,November,30,30,4,Wednesday,2022,10,10:00am-10:59am,25,25,I-80/US-30,NA,1,Interstate,2,Urban,1,Interstate,1,State Highway Agency,1,This section IS ON the NHS,0,No Special Jurisdiction,920,920,41.52548056,41.52548056,-109.43571111,-109.43571111,34,Ditch,0,The First Harmful Event was Not a Collision with a Motor Vehicle in Transport,1,Yes,5,Entrance/Exit Ramp Related,1,Not an Intersection,4,On Roadside,0,None,1,Daylight,1,Clear,0,No,0000000,Not Applicable,10,10:00am-10:59am,30,30,10,10:00am-10:59am,40,40,11,11:00am-11:59am,28,28,1
56,Wyoming,560108,0,0,2,2,0,4,4,37,SWEETWATER (37),0,NOT APPLICABLE,12,December,5,5,2,Monday,2022,8,8:00am-8:59am,10,10,I-80/US-30,NA,1,Interstate,1,Rural,1,Interstate,1,State Highway Agency,1,This section IS ON the NHS,0,No Special Jurisdiction,1291,1291,41.68728611,41.68728611,-108.81339167,-108.81339167,12,Motor Vehicle In-Transport,6,Angle,0,No,1,Non-Junction,1,Not an Intersection,1,On Roadway,0,None,1,Daylight,1,Clear,0,No,0000000,Not Applicable,8,8:00am-8:59am,10,10,8,8:00am-8:59am,25,25,99,Unknown,99,Unknown EMS Hospital Arrival Time,1
56,Wyoming,560109,0,0,1,1,0,1,1,13,FREMONT (13),0,NOT APPLICABLE,12,December,4,4,1,Sunday,2022,17,5:00pm-5:59pm,58,58,SR-28,NA,3,State Highway,1,Rural,4,Minor Arterial,1,State Highway Agency,0,This section IS NOT on the NHS,0,No Special Jurisdiction,365,365,42.41307778,42.41307778,-108.87840556,-108.87840556,1,Rollover/Overturn,0,The First Harmful Event was Not a Collision with a Motor Vehicle in Transport,0,No,1,Non-Junction,1,Not an Intersection,4,On Roadside,0,None,2,Dark - Not Lighted,4,Snow,0,No,0000000,Not Applicable,88,Not Applicable (Not Notified),88,Not Applicable (Not Notified),88,Not Applicable,88,Not Applicable,88,Not Applicable (Not Transported),88,Not Applicable (Not Transported),1
56,Wyoming,560110,0,0,1,1,0,1,1,13,FREMONT (13),0,NOT APPLICABLE,12,December,7,7,4,Wednesday,2022,1,1:00am-1:59am,30,30,US-26/US-287,NA,2,US Highway,1,Rural,3,Principal Arterial - Other,1,State Highway Agency,1,This section IS ON the NHS,0,No Special Jurisdiction,635,635,43.484725,43.484725,-109.50301389,-109.50301389,34,Ditch,0,The First Harmful Event was Not a Collision with a Motor Vehicle in Transport,0,No,1,Non-Junction,1,Not an Intersection,4,On Roadside,0,None,2,Dark - Not Lighted,1,Clear,0,No,0000000,Not Applicable,88,Not Applicable (Not Notified),88,Not Applicable (Not Notified),88,Not Applicable,88,Not Applicable,88,Not Applicable (Not Transported),88,Not Applicable (Not Transported),1
56,Wyoming,560111,0,0,2,2,0,3,3,5,CAMPBELL (5),0,NOT APPLICABLE,12,December,10,10,7,Saturday,2022,23,11:00pm-11:59pm,0,0,I-90,NA,1,Interstate,1,Rural,1,Interstate,1,State Highway Agency,1,This section IS ON the NHS,0,No Special Jurisdiction,969,969,44.21047778,44.21047778,-106.00079722,-106.00079722,12,Motor Vehicle In-Transport,1,Front-to-Rear,0,No,1,Non-Junction,1,Not an Intersection,1,On Roadway,0,None,2,Dark - Not Lighted,1,Clear,0,No,0000000,Not Applicable,99,Unknown,98,Unknown if Notified,99,Unknown EMS Scene Arrival Hour,98,Unknown if Arrived,88,Not Applicable (Not Transported),88,Not Applicable (Not Transported),1
56,Wyoming,560112,0,0,2,2,0,3,3,35,SUBLETTE (35),0,NOT APPLICABLE,12,December,14,14,4,Wednesday,2022,17,5:00pm-5:59pm,30,30,US-191,NA,2,US Highway,1,Rural,3,Principal Arterial - Other,1,State Highway Agency,1,This section IS ON the NHS,0,No Special Jurisdiction,940,940,42.80225833,42.80225833,-109.81268889,-109.81268889,12,Motor Vehicle In-Transport,2,Front-to-Front,0,No,1,Non-Junction,1,Not an Intersection,1,On Roadway,0,None,2,Dark - Not Lighted,10,Cloudy,0,No,0000000,Not Applicable,17,5:00pm-5:59pm,33,33,17,5:00pm-5:59pm,40,40,18,6:00pm-6:59pm,5,5,1
56,Wyoming,560113,2,2,3,2,1,2,2,37,SWEETWATER (37),0,NOT APPLICABLE,12,December,21,21,4,Wednesday,2022,4,4:00am-4:59am,15,15,I-80/US-30/WY-789,NA,1,Interstate,1,Rural,1,Interstate,1,State Highway Agency,1,This section IS ON the NHS,0,No Special Jurisdiction,1973,1973,41.7573,41.7573,-107.53800833,-107.53800833,8,Pedestrian,0,The First Harmful Event was Not a Collision with a Motor Vehicle in Transport,0,No,1,Non-Junction,1,Not an Intersection,1,On Roadway,0,None,2,Dark - Not Lighted,1,Clear,0,No,0000000,Not Applicable,3,3:00am-3:59am,56,56,4,4:00am-4:59am,18,18,99,Unknown,99,Unknown EMS Hospital Arrival Time,1
56,Wyoming,560114,0,0,2,2,0,2,2,37,SWEETWATER (37),730,ROCK SPRINGS,12,December,27,27,3,Tuesday,2022,11,11:00am-11:59am,27,27,I-80/US-30,NA,1,Interstate,2,Urban,1,Interstate,1,State Highway Agency,1,This section IS ON the NHS,0,No Special Jurisdiction,1030,1030,41.58695556,41.58695556,-109.24876389,-109.24876389,12,Motor Vehicle In-Transport,2,Front-to-Front,0,No,1,Non-Junction,1,Not an Intersection,1,On Roadway,0,None,1,Daylight,1,Clear,0,No,0000000,Not Applicable,11,11:00am-11:59am,30,30,11,11:00am-11:59am,35,35,12,12:00pm-12:59pm,4,4,1
56,Wyoming,560115,0,0,1,1,0,1,1,23,LINCOLN (23),0,NOT APPLICABLE,10,October,24,24,2,Monday,2022,7,7:00am-7:59am,0,0,BLM RD,NA,8,Other,1,Rural,98,Not Reported,21,Other State Agency,0,This section IS NOT on the NHS,8,Other,0,None,42.39806111,42.39806111,-110.90978611,-110.90978611,1,Rollover/Overturn,0,The First Harmful Event was Not a Collision with a Motor Vehicle in Transport,0,No,1,Non-Junction,1,Not an Intersection,1,On Roadway,0,None,4,Dawn,4,Snow,0,No,0000000,Not Applicable,99,Unknown,98,Unknown if Notified,99,Unknown EMS Scene Arrival Hour,98,Unknown if Arrived,88,Not Applicable (Not Transported),88,Not Applicable (Not Transported),1
56,Wyoming,560116,0,0,1,1,0,1,1,21,LARAMIE (21),100,CHEYENNE,12,December,21,21,4,Wednesday,2022,15,3:00pm-3:59pm,0,0,CAREY AVE,NA,5,Local Street - Township,2,Urban,5,Major Collector,4,City or Municipal Highway Agency,0,This section IS NOT on the NHS,0,No Special Jurisdiction,1020,1020,41.14498056,41.14498056,-104.82473611,-104.82473611,33,Curb,0,The First Harmful Event was Not a Collision with a Motor Vehicle in Transport,0,No,1,Non-Junction,1,Not an Intersection,4,On Roadside,0,None,1,Daylight,4,Snow,0,No,0000000,Not Applicable,15,3:00pm-3:59pm,2,2,15,3:00pm-3:59pm,7,7,15,3:00pm-3:59pm,27,27,1
56,Wyoming,560117,0,0,1,1,0,1,1,19,JOHNSON (19),0,NOT APPLICABLE,12,December,22,22,5,Thursday,2022,0,0:00am-0:59am,1,1,MOSIER GULCH RD,NA,8,Other,1,Rural,98,Not Reported,68,Bureau of Land Management,0,This section IS NOT on the NHS,0,No Special Jurisdiction,0,None,44.32856944,44.32856944,-106.81268889,-106.81268889,17,Boulder,0,The First Harmful Event was Not a Collision with a Motor Vehicle in Transport,0,No,1,Non-Junction,1,Not an Intersection,4,On Roadside,0,None,2,Dark - Not Lighted,4,Snow,0,No,0000000,Not Applicable,7,7:00am-7:59am,24,24,7,7:00am-7:59am,40,40,88,Not Applicable (Not Transported),88,Not Applicable (Not Transported),1
56,Wyoming,560118,0,0,1,1,0,4,4,21,LARAMIE (21),0,NOT APPLICABLE,12,December,17,17,7,Saturday,2022,4,4:00am-4:59am,57,57,CR-203-1,CR-161-1,4,County Road,1,Rural,6,Minor Collector,2,County Highway Agency,0,This section IS NOT on the NHS,0,No Special Jurisdiction,367,367,41.04199167,41.04199167,-104.12175556,-104.12175556,1,Rollover/Overturn,0,The First Harmful Event was Not a Collision with a Motor Vehicle in Transport,0,No,3,Intersection-Related,3,T-Intersection,4,On Roadside,0,None,2,Dark - Not Lighted,1,Clear,0,No,0000000,Not Applicable,5,5:00am-5:59am,6,6,5,5:00am-5:59am,25,25,6,6:00am-6:59am,45,45,1